<template>
    <t t-name="CalendarView.buttons">
        <div class="o_calendar_buttons">
            <button t-if="widget.options.action_buttons !== false &amp;&amp; widget.is_action_enabled('create') &amp;&amp; ((widget.field_widget &amp;&amp; (widget.field_widget.open_popup_add)) || (!widget.field_widget))" type="button" class="o_calendar_button_new o_highlight"><t t-esc="widget.options.create_text || _t('Create')"/></button>

            <button class="o_calendar_button_prev btn btn-sm btn-primary"><span class="fa fa-arrow-left"/></button>
            <button class="o_calendar_button_today btn btn-sm btn-primary">Today</button>
            <button class="o_calendar_button_next btn btn-sm btn-primary"><span class="fa fa-arrow-right"/></button>

            <div class="btn-group btn-group-sm">
                <button type="button" class="o_calendar_button_day btn btn-sm btn-default">Day</button>
                <button type="button" class="o_calendar_button_week btn btn-sm btn-default">Week</button>
                <button type="button" class="o_calendar_button_month btn btn-sm btn-default">Month</button>
            </div>
            <button type="button" class="o_calendar_button_report btn btn-sm btn-primary">
                Print Meeting
             </button>
        </div>
        
    </t>
</template>
