<openerp>
    <data noupdate="0">
        
        <!-- Pet Sitter User -->
        <record model="res.groups" id="group_pet_sitter_user">
            <field name="name">Pet Sitter User</field>
            <field name="category_id" ref="base.module_category_human_resources"/>
            <field name="implied_ids" eval="[(4, ref('base.group_user'))]"/>
        </record>
        
        <!-- Pet Sitter Manager -->
        <record model="res.groups" id="group_pet_sitter_manager">
            <field name="name">Pet Sitter Manager</field>
            <field name="category_id" ref="base.module_category_human_resources"/>
            <field name="implied_ids" eval="[(4, ref('group_pet_sitter_user'))]"/>
        </record>
        
    </data>
</openerp>