<?xml version="1.0" encoding="utf-8"?>
<odoo>
    <data noupdate="1">
    
        <!-- Pet Type -->
        <record id="type_data" model="pet.type">
            <field name="name">Breed</field>
        </record>
       <record id="type_data1" model="pet.type">
            <field name="name">Mix</field>
        </record>
        <record id="type_data2" model="pet.type">
            <field name="name">Neutered</field>
        </record>
        <record id="type_data3" model="pet.type">
            <field name="name">Spayed</field>
        </record>
        <record id="type_data4" model="pet.type">
            <field name="name">Purebred</field>
        </record>
        <record id="type_data5" model="pet.type">
            <field name="name">other</field>
        </record>
        
    </data>
</odoo>
