id,name,model_id/id,group_id/id,perm_read,perm_write,perm_create,perm_unlink
access_pet_information_user,pet_info_user,model_pet_information,odoo_pet_sitting.group_pet_sitter_user,1,1,1,1
access_pet_information_employee,pet_info_employee,model_pet_information,base.group_user,1,0,0,0
access_pet_information_portal,pet_info_portal,model_pet_information,base.group_portal,1,0,0,0
access_pet_type_manager,pet_type_manager,model_pet_type,odoo_pet_sitting.group_pet_sitter_manager,1,1,1,1
access_pet_type_user,pet_type_user,model_pet_type,odoo_pet_sitting.group_pet_sitter_user,1,0,0,0
access_pet_type_employee,pet_type_employee,model_pet_type,base.group_user,1,0,0,0
access_pet_type_portal,pet_type_portal,model_pet_type,base.group_portal,1,0,0,0
access_pet_vaccine_manager,pet_vaccine_manager,model_pet_vaccine,odoo_pet_sitting.group_pet_sitter_manager,1,1,1,1
access_pet_vaccine_user,pet_vaccine_user,model_pet_vaccine,odoo_pet_sitting.group_pet_sitter_user,1,0,0,0
access_pet_vaccine_employee,pet_vaccine_employee,model_pet_vaccine,base.group_user,1,0,0,0
access_pet_vaccine_portal,pet_vaccine_portal,model_pet_vaccine,base.group_portal,1,0,0,0
